model_risk_tier,patients,readmissions,avg_cost,total_cost,avg_risk_score,readmission_rate_pct
Critical,3017,2449,35344.152469340406,106633308,76.04348690752404,81.17
High,1436,668,22867.299442896936,32837442,51.119289693593316,46.52
Low,36,5,15157.027777777777,545653,16.894444444444446,13.89
Moderate,511,91,15485.9843444227,7913338,33.31585127201566,17.81
