hospital,patients,readmissions,avg_risk,avg_cost,total_cost,readmission_rate_pct
Community Hospital,877,557,64.12862029646523,29701.062713797037,26047832,63.51
General Medical Center,825,538,64.30193939393939,29694.14424242424,24497669,65.21
Mercy Medical Center,855,554,64.30385964912281,30023.513450292397,25670104,64.8
Regional Medical Center,807,522,64.06629491945478,29746.23543990087,24005212,64.68
St. Mary'S Hospital,819,522,63.53284493284494,29069.565323565323,23807974,63.74
University Health System,817,520,64.20869033047735,29254.52876376989,23900950,63.65
